{
  "feature_names": [
    "age",
    "sex",
    "bmi",
    "bp",
    "s1",
    "s2",
    "s3",
    "s4",
    "s5",
    "s6"
  ],
  "scaler_mean": [
    0.0011274651077976842,
    0.0003971221184653372,
    0.002894407551239085,
    0.0012559477242390237,
    0.001556991187243008,
    0.001059058290296106,
    -0.0005615940189417029,
    0.0015229893007962195,
    0.0019207500493226266,
    0.0030778144078606492
  ],
  "scaler_scale": [
    0.04623185318232148,
    0.04758869376459924,
    0.04797741039389095,
    0.04792614056942343,
    0.04796267029849364,
    0.04786382856779884,
    0.047366238184578614,
    0.048478184456208544,
    0.047894285473106805,
    0.04793503339835595
  ]
}